WKT,Kenmerk,Datum,Soort_hand,Bron1,Datum1,Intekening,Nauwkeurig,Opmerkinge,SHAPE_Leng,SHAPE_Area
"MULTIPOLYGON (((122171.601500001 490002.997099999,122102.783199999 489895.681899998,122063.968699999 489920.685,122132.548900001 490027.7621,122171.601500001 490002.997099999)),((122129.7707 490041.9703,122050.0781 489917.271899998,122041.346799999 489922.986900002,122121.039500002 490047.209100001,122129.7707 490041.9703),(122085.8488 489976.401700001,122085.696600001 489976.526799999,122085.444643167 489976.648263474,122085.175666507 489976.724991428,122084.897546355 489976.754737068,122084.618426786 489976.736629364,122084.346481145 489976.671198558,122084.089672702 489976.560360631,122083.855521473 489976.407361207,122083.65088401 489976.216680502,122083.481752628 489975.993902141,122083.353079931 489975.745549651,122083.268633789 489975.478895434,122083.230887002 489975.201747816,122083.240944894 489974.922222395,122083.298512945 489974.648504398,122083.401905412 489974.388608995,122083.548094697 489974.150146598,122083.732799999 489973.940099999,122083.962868904 489973.788587571,122084.215230079 489973.678126926,122084.482626737 489973.611894424,122084.757369735 489973.591794619,122085.031558681 489973.61840549,122085.297309118 489973.690961828,122085.546979241 489973.807377234,122085.773389643 489973.964304116,122085.970029766 489974.157229954,122086.131245111 489974.380607056,122086.25239984 489974.628012086,122086.330010078 489974.892330771,122086.361844101 489975.16596248,122086.346986502 489975.441038776,122086.285864521 489975.709649685,122086.180235754 489975.964071147,122086.033137617 489976.19698713,122085.8488 489976.401700001)))",GG_001A,,Vrijgave,5150505-PVO-TEK-003,2015/07/10,Kaartmateriaal,,"Vrijgave tot 14,5 meter -mv middels dieptedetectie en grondradar",673.17147596200,7398.37739361000
"MULTIPOLYGON (((122102.783199999 489895.681899998,122097.385699999 489887.1094,122050.0781 489917.271899998,122129.7707 490041.9703,122177.237100001 490011.331500001,122171.601500001 490002.997099999,122132.548900001 490027.7621,122063.968699999 489920.685,122102.783199999 489895.681899998)))",GG_001B,,Vrijgave,5150505-PVO-TEK-003,2015/07/10,Kaartmateriaal,,"Vrijgave 10 meter heizone tot 14,5 meter -mv middels dieptedetectie en grondradar",500.35064535800,2417.24445911000
"MULTIPOLYGON (((122097.385699999 489887.1094,122102.783199999 489895.681899998,122171.601500001 490002.997099999,122177.237100001 490011.331500001,122185.5715 490006.1721,122105.878800001 489881.553100001,122097.385699999 489887.1094)))",GG_001C,,Vrijgave,5150505-PVO-TEK-003,2015/07/10,Kaartmateriaal,,"Vrijgave 10 meter heizone tot 14,5 meter -mv middels dieptedetectie en AMOS actieve oppervlaktedetectie",315.54939658500,1496.88190223000
"MULTIPOLYGON (((115519.729600001 482733.4494,115526.238299999 482729.0044,115526.555799998 482724.241900001,115531.000799999 482721.384399999,115534.652100001 482722.813200001,115539.732099999 482722.813200001,115543.224599998 482721.543200001,115547.987100001 482718.209399998,115556.877099998 482708.6844,115563.703400001 482707.096900001,115578.784699999 482696.778099999,115578.784699999 482692.9681,115582.435899999 482690.904300001,115585.452199999 482689.158100002,115590.373500001 482689.4756,115613.2335 482674.711800002,115613.709800001 482670.743,115617.6785 482669.473,115621.0123 482670.425500002,115621.0123 482666.1393,115621.171 482665.028,115626.4098 482664.234299999,115630.537300002 482662.964299999,115634.823600002 482659.789299998,115638.474800002 482657.566799998,115641.173599999 482656.9318,115644.031100001 482654.391800001,115650.539799999 482649.153,115659.588599999 482640.263,115663.081099998 482634.389199998,115666.573600002 482632.3255,115672.923599999 482628.674199998,115679.5911 482625.499200001,115684.353700001 482621.848,115688.3224 482618.037900001,115691.021200001 482614.227899998,115693.402399998 482612.957899999,115700.387400001 482607.084199999,115701.181200001 482603.4329,115708.4837 482599.7817,115709.753699999 482591.5266,115713.087499999 482589.939100001,115718.961199999 482591.844099998,115722.93 482589.145399999,115724.047899999 482584.588,115733.2652 482578.0561,115721.360100001 482563.572,115717.3737 482566.285300002,115712.293699998 482567.8728,115710.7062 482573.1116,115708.166200001 482577.239100002,115705.308699999 482578.509100001,115702.133699998 482578.509100001,115683.718600001 482591.0504,115677.3686 482591.685400002,115675.304900002 482594.860399999,115672.288600001 482598.8292,115669.113600001 482600.575399999,115664.192400001 482600.575399999,115657.842300002 482605.4967,115655.619800001 482605.814199999,115648.7936 482611.529199999,115645.301100001 482612.799199998,115639.586100001 482617.720400002,115635.299800001 482620.895500001,115632.283500001 482621.3717,115627.044799998 482625.658,115625.616 482628.833,115625.933499999 482632.008,115619.7423 482638.5167,115609.5823 482639.3105,115606.7247 482641.6917,115602.597199999 482645.819200002,115598.946 482646.7718,115594.977200001 482650.2643,115591.008499999 482650.423,115584.976 482655.503,115581.800900001 482658.678,115579.260899998 482659.789299998,115575.768399999 482663.123,115570.212200001 482663.281800002,115568.624699999 482664.234299999,115568.4659 482667.568,115562.433400001 482672.965599999,115560.052200001 482673.124299999,115556.2421 482676.616799999,115551.320900001 482679.474300001,115549.5746 482682.8081,115545.288400002 482683.760600001,115543.8596 482685.348099999,115543.7009 482689.316799998,115540.525899999 482689.634300001,115537.509599999 482690.110599998,115532.588300001 482696.4606,115525.127099998 482696.778099999,115522.7458 482697.095600002,115516.395799998 482704.239399999,115510.998300001 482707.096900001,115505.759500001 482707.8906,115502.1083 482709.001899999,115498.774500001 482715.034400001,115494.964499999 482719.638099998,115490.519499999 482723.448199999,115488.138300002 482724.718199998,115485.2808 482731.861900002,115476.073199999 482731.703200001,115474.803199999 482728.845699999,115471.310699999 482731.544399999,115471.152 482736.465700001,115465.437 482738.688200001,115455.3103 482742.466400001,115473.7903 482761.8704,115483.111200001 482760.225299999,115491.2848 482760.195799999,115495.8112 482753.875300001,115499.092 482752.182,115504.6483 482745.6732,115508.458299998 482742.6569,115516.5546 482739.323199999,115517.9833 482733.925700001,115519.729600001 482733.4494)),((115262.977 482907.634199999,115279.9637 482891.273699999,115286.578299999 482895.771600001,115290.9439 482892.7289,115292.134500001 482895.507,115300.601199999 482888.627900001,115300.204300001 482885.982,115296.6325 482880.9549,115296.300299998 482871.6241,115304.447500002 482866.2982,115294.772399999 482853.152,115283.0064 482862.566399999,115283.667800002 482866.799699999,115281.022 482871.562199999,115275.994899999 482875.398699999,115266.602200001 482876.324700002,115257.870900001 482880.9549,115249.6688 482885.188299999,115245.700100001 482889.157,115240.937600002 482889.421599999,115240.143800002 482891.670600001,115234.8521 482898.020599999,115238.185899999 482904.397100002,115244.606600001 482907.712499999,115255.489700001 482918.525800001,115242.657400001 482926.331099998,115234.8521 482933.0779,115255.8543 482924.5964,115262.099300001 482920.2839,115262.977 482907.634199999)),((115102.7586 483013.2557,115107.0449 483010.239399999,115113.394900002 483008.175700001,115116.966800001 483006.429400001,115129.445799999 483000.2271,115127.603100002 482996.666299999,115125.301199999 482996.666299999,115121.7293 482997.618799999,115120.2212 482998.174400002,115114.029899999 483000.079399999,115113.236200001 482999.126899999,115111.5693 482995.872499999,115116.173 482988.6494,115110.934300002 482979.997499999,115108.791099999 482983.410599999,115105.616099998 482984.3631,115101.885499999 482987.061900001,115102.3618 482991.189399999,115096.646699999 482993.65,115092.995499998 482997.618799999,115091.6461 483000.317499999,115081.962299999 483002.857500002,115077.358600002 483006.35,115075.9298 483008.255,115073.628 483008.255,115071.722899999 483010.556899998,115069.817899998 483010.318799999,115066.087299999 483013.493799999,115060.610399999 483019.764400002,115055.3717 483020.002599999,115053.253199998 483023.456099998,115063.029100001 483036.7062,115068.071699999 483035.401299998,115076.7236 483030.877,115085.1373 483024.6063,115092.201699998 483019.9232,115092.4399 483015.398800001,115102.7586 483013.2557)),((114272.068500001 483991.3402,114277.386599999 483986.101399999,114279.450399999 483986.736400001,114281.1173 483986.418900002,114285.086 483981.1008,114289.213500001 483978.8783,114301.596099999 483967.9245,114308.898600001 483967.5277,114312.787900001 483964.035100002,114319.693599999 483960.066399999,114321.796100002 483959.908599999,114323.1094 483958.984099999,114323.424199998 483953.319499999,114328.132399999 483944.437399998,114334.774900001 483941.492600001,114343.7443 483941.413199998,114346.459 483942.547200002,114354.119399998 483937.1547,114357.6349 483935.222,114363.1118 483934.428199999,114368.985599998 483935.698199999,114369.0649 483938.000100002,114355.1743 483941.333799999,114354.9362 483944.112,114369.382399999 483941.8895,114367.715599999 483941.0163,114367.715599999 483940.222600002,114370.334899999 483939.190699998,114375.970600002 483939.032,114377.161200002 483940.460700002,114379.225400001 483940.831500001,114393.422600001 483922.578,114367.479400001 483899.977200001,114362.794300001 483903.313099999,114357.952399999 483903.233800001,114354.301199999 483901.408100002,114354.063 483903.630600002,114344.934900001 483911.33,114344.061799999 483911.647500001,114343.109299999 483916.1719,114338.823 483920.378800001,114330.7267 483924.585700002,114324.218 483928.8719,114314.534200002 483935.698199999,114313.978599999 483940.0638,114310.8829 483942.2863,114309.930399999 483944.985100001,114303.183600001 483949.192,114301.040399998 483951.2557,114300.167300001 483952.605099998,114299.770399999 483954.272,114297.2304 483954.351399999,114292.229800001 483958.875799999,114284.451 483964.749499999,114278.656599998 483967.4483,114270.877900001 483972.3695,114263.892900001 483976.735199999,114260.876600001 483978.6402,114258.574700002 483980.545200001,114258.495299999 483981.735800002,114256.828499999 483984.196400002,114253.4153 483983.958299998,114249.1426 483987.1118,114257.391 484001.192299999,114261.3528 483997.214,114266.9091 483994.832699999,114272.068500001 483991.3402)))",GG_003,,Vrijgave,0611GPR2604,2015/05/25,Kaartmateriaal,,Vrijgave tot vaargeul,1651.07424753000,15155.90412420000
"MULTIPOLYGON (((121393.760299999 489316.478500001,121283.495 489143.983,121271.0066 489189.491500001,121264.656599998 489187.798099998,121254.696 489222.7476,121292.7951 489251.443799999,121293.9593 489248.4804,121312.003899999 489276.632199999,121315.496399999 489273.615899999,121334.546399999 489301.873500001,121333.2764 489305.048500001,121336.451400001 489305.207199998,121362.327799998 489345.0535,121393.760299999 489316.478500001)))",GG_004,,Vrijgave,Stenenhoofd,1995/11/08,Kaartmateriaal,,Vrijgave onbekend (enkel gezocht aan oppervlak waterbodem),514.43395730100,9186.38066825000
"MULTIPOLYGON (((123465.966699999 490544.085499998,123465.080400001 490542.0482,123462.117 490543.490200002,123462.9901 490545.5407,123465.966699999 490544.085499998)),((123467.765900001 490548.662799999,123466.8398 490546.427099999,123463.929400001 490547.915399998,123464.583799999 490549.746599998,123467.765900001 490548.662799999)))",GG_005A,,Vrijgave,PVVO2013154,2014/11/13,Kaartmateriaal,,Vrijgave (tot en met 250 lbs) tot 6 meter - NAP,22.05427422360,14.55541449140
"MULTIPOLYGON (((123479.936700001 490579.963100001,123467.765900001 490548.662799999,123461.881499998 490550.667,123487.973900001 490620.131200001,123493.3979 490617.485399999,123488.469599999 490603.048,123481.160399999 490583.601100001,123479.936700001 490579.963100001)),((123459.445300002 490617.800299998,123429.872699998 490556.816399999,123425.3704 490558.872200001,123457.138099998 490624.277399998,123460.258299999 490634.835,123464.863899998 490633.230900001,123462.514400002 490625.293400001,123459.445300002 490617.800299998)))",GG_005B,,Vrijgave,PVVO2013154,2014/11/13,Kaartmateriaal,,"Vrijgave (tot en met 250 lbs) tot 12,5 meter - NAP",337.60485645100,883.61959437100
"MULTIPOLYGON (((118819.9494 485111.629900001,118803.995 485189.735100001,118780.579300001 485299.6697,118788.437399998 485301.654,118800.740600001 485246.2502,118815.7425 485176.241300002,118828.998199999 485113.058699999,118819.9494 485111.629900001)))",GG_006,,Vrijgave,72581-DR-01,2009/11/17,Kaartmateriaal,,Vrijgave tot 5 meter -mv,402.29414636400,1669.13501438000
"MULTIPOLYGON (((122248.524300002 489039.0524,122194.362199999 489023.0425,122193.171599999 489027.262600001,122193.316259099 489027.115431873,122193.483048561 489026.99391649,122193.667472789 489026.901329141,122193.864560865 489026.8401654,122194.069000534 489026.812073857,122194.275281387 489026.817811683,122194.477843389 489026.857224222,122194.671226742 489026.929249161,122194.850219046 489027.03194516,122195.009995794 489027.162544179,122195.146250409 489027.317526091,122195.255310323 489027.492713557,122195.334235966 489027.683384624,122195.380899999 489027.884399999,122195.388610746 489028.111996354,122195.358491883 489028.33772276,122195.291376577 489028.555335012,122195.189121422 489028.758813363,122195.054555072 489028.942529051,122194.891399998 489029.101399999,122195.082857925 489029.141738879,122195.264963374 489029.21329982,122195.432663288 489029.314097149,122195.581304334 489029.441333946,122195.706762023 489029.591479646,122195.805555157 489029.76036801,122195.874942428 489029.943312727,122195.912998479 489030.135237452,122195.918667331 489030.330816661,122195.891791685 489030.524623427,122195.833117286 489030.711280004,122195.74427223 489030.88560705,122195.627721788 489031.042767341,122195.486699998 489031.178399999,122195.309613249 489031.29092978,122195.115734016 489031.371138954,122194.910904789 489031.416610444,122194.701298031 489031.425973979,122194.493230176 489031.398947394,122194.292971283 489031.336345125,122194.106556088 489031.240053672,122193.939602156 489031.112974748,122193.797140589 489030.958937835,122193.683464422 489030.782584787,122193.60199925 489030.589229946,122193.555199999 489030.3847,122193.421075588 489030.521388825,122193.265388015 489030.63289924,122193.092802504 489030.715889804,122192.908490624 489030.767873683,122192.717975332 489030.787293166,122192.526965472 489030.773566343,122192.341184704 489030.727104541,122192.166200001 489030.649300002,122187.562399998 489047.212200001,122242.013799999 489063.523800001,122248.524300002 489039.0524)))",GG_007,,Vrijgave,RO-150036 v1,2015/03/12,Kaartmateriaal,,Vrijgave tot 13 meter - NAP,171.27673157000,1417.45102728000
"MULTIPOLYGON (((121971.2828 488993.3543,121988.15 488998.579799999,121993.7062 488979.9267,121995.955200002 488980.455899999,122009.713599999 488934.087499999,121990.332800001 488929.854200002,121977.0242 488974.2434,121986.4857 488977.333799999,121982.8662 488978.476799998,121973.150699999 488978.307399999,121971.2828 488993.3543)))",GG_008,,Vrijgave,71049/RO-120046,2015/08/03,Kaartmateriaal,,"Vrijgave onbekend (71049/RO-120046, d.d. 19-7-2012)",192.60565138100,1283.75792825000
"MULTIPOLYGON (((121990.332800001 488929.854200002,121979.840300001 488927.439399999,121979.681499999 488928.8682,121989.3321 488933.1921,121990.332800001 488929.854200002)),((121988.556200001 488935.779800002,121979.099399999 488931.355300002,121972.114399999 488967.074099999,121975.818599999 488967.973700002,121973.150699999 488978.307399999,121982.8662 488978.476799998,121986.4857 488977.333799999,121977.0242 488974.2434,121988.556200001 488935.779800002)),((122003.547 489005.967900001,122012.754500002 488958.766100001,122017.305399999 488935.694400001,122009.713599999 488934.087499999,121995.955200002 488980.455899999,121993.7062 488979.9267,121988.15 488998.579799999,121971.2828 488993.3543,121971.362199999 488992.714699998,121969.585 488994.918900002,121971.532299999 488996.548700001,121989.894499999 489002.3167,122003.547 489005.967900001)))",GG_009,,Vrijgave,RO-150090 v1,2015/06/03,Kaartmateriaal,,Vrijgave tot 13 meter - NAP,357.76588477600,1280.86977780000
"MULTIPOLYGON (((127276.031300001 486979.265500002,127276.899546 486979.189540918,127277.741411236 486978.963966488,127278.531316058 486978.595630676,127279.245259608 486978.095725181,127279.861549074 486977.479439376,127280.36145881 486976.765498795,127280.729799314 486975.975596161,127280.955378745 486975.133732266,127281.031342986 486974.265486717,127280.955383902 486973.397240718,127280.729809472 486972.555375483,127280.361473661 486971.76547066,127279.861568165 486971.05152711,127279.24528236 486970.435237645,127278.531341779 486969.935327908,127277.741439145 486969.566987404,127276.89957525 486969.341407973,127276.031329702 486969.265443732,127275.163083702 486969.341402816,127274.321218467 486969.566977246,127273.531313645 486969.935313058,127272.817370094 486970.435218553,127272.201080629 486971.051504358,127271.701170892 486971.765444939,127271.332830389 486972.555347573,127271.107250958 486973.397211468,127271.031286717 486974.265457017,127271.1072458 486975.133703016,127271.33282023 486975.975568251,127271.701156042 486976.765473074,127272.201061538 486977.479416624,127272.817347342 486978.095706089,127273.531287923 486978.595615826,127274.321190557 486978.96395633,127275.163054453 486979.18953576,127276.031300001 486979.265500002)),((127244.44 487003.6336,127245.308233096 487003.557640892,127246.150085619 487003.332068679,127246.939978306 487002.963737258,127247.653910669 487002.463838194,127248.270190233 487001.847560665,127248.770091656 487001.133629954,127249.138425686 487000.343738484,127249.36400068 486999.501886706,127249.439962656 486998.633653862,127249.364003548 486997.765420768,127249.138431335 486996.923568245,127248.770099914 486996.133675558,127248.27020085 486995.419743195,127247.653923321 486994.803463631,127246.93999261 486994.303562208,127246.15010114 486993.935228178,127245.308249362 486993.709653184,127244.440016518 486993.633691207,127243.571783424 486993.709650315,127242.729930901 486993.935222529,127241.940038214 486994.303553949,127241.226105851 486994.803453014,127240.609826287 486995.419730542,127240.109924864 486996.133661253,127239.741590834 486996.923552724,127239.51601584 486997.765404501,127239.440053863 486998.633637345,127239.516012971 486999.50187044,127239.741585185 487000.343722963,127240.109916606 487001.13361565,127240.60981567 487001.847548012,127241.226093198 487002.463827577,127241.94002391 487002.963729,127242.72991538 487003.33206303,127243.571767157 487003.557638024,127244.44 487003.6336)),((127173.902 487059.5667,127174.770245065 487059.490734793,127175.612108318 487059.265154495,127176.402010169 487058.896813248,127177.115949849 487058.396902916,127177.732234663 487057.78061302,127178.232139109 487057.066669218,127178.600473843 487056.276764331,127178.826047201 487055.434899218,127178.902005249 487054.566653525,127178.826040042 487053.698408459,127178.600459744 487052.856545206,127178.232118497 487052.066643356,127177.732208165 487051.352703675,127177.115918269 487050.736418861,127176.401974467 487050.236514415,127175.612069579 487049.868179681,127174.770204467 487049.642606324,127173.901958774 487049.566648275,127173.033713708 487049.642613482,127172.191850455 487049.868193781,127171.401948604 487050.236535027,127170.688008924 487050.73644536,127170.07172411 487051.352735255,127169.571819664 487052.066679057,127169.20348493 487052.856583945,127168.977911572 487053.698449058,127168.901953524 487054.56669475,127168.977918731 487055.434939816,127169.20349903 487056.276803069,127169.571840276 487057.06670492,127170.071750608 487057.7806446,127170.688040504 487058.396929415,127171.401984306 487058.89683386,127172.191889194 487059.265168594,127173.033754306 487059.490741952,127173.902 487059.5667)),((127142.39 487084.490499999,127143.258245564 487084.414540171,127144.10011024 487084.188965083,127144.890014397 487083.82062872,127145.603957197 487083.320722798,127146.22024585 487082.704436703,127146.720154735 487081.990495977,127147.088494376 487081.200593348,127147.314072957 487080.358729608,127147.390036389 487079.49048436,127147.31407656 487078.622238797,127147.088501472 487077.780374121,127146.72016511 487076.990469964,127146.220259187 487076.276527164,127145.603973092 487075.660238511,127144.890032367 487075.160329626,127144.100129738 487074.791989985,127143.258265998 487074.566411404,127142.39002075 487074.490447972,127141.521775187 487074.566407801,127140.67991051 487074.791982889,127139.890006353 487075.160319251,127139.176063553 487075.660225174,127138.559774901 487076.276511269,127138.059866015 487076.990451994,127137.691526375 487077.780354623,127137.465947793 487078.622218363,127137.389984362 487079.490463611,127137.46594419 487080.358709174,127137.691519278 487081.200573851,127138.059855641 487081.990478008,127138.559761563 487082.704420808,127139.176047658 487083.32070946,127139.889988384 487083.820618346,127140.679891012 487084.188957986,127141.521754753 487084.414536568,127142.39 487084.490499999)))",GG_010,,Vrijgave,0514GPR3798,2014/07/10,Kaartmateriaal,,"Vrijgave tot 7,5 meter - NAP",125.66392233100,314.16034631000
"MULTIPOLYGON (((122122.9934 489872.060899999,122202.606699999 489996.441799998,122248.168099999 489967.231699999,122168.713500001 489842.453899998,122122.9934 489872.060899999)))",GG_011,,Vrijgave,RO-110003 v4,2011/05/19,Kaartmateriaal,,Vrijgave (tot en met 500 lbs) tot 13 meter - NAP,404.19594590500,8024.87311379000
"MULTIPOLYGON (((122122.252599999 489869.203400001,122170.4157 489839.830200002,122176.077799998 489848.455600001,122213.4899 489825.066399999,122207.827799998 489815.382599998,122248.600200001 489789.506299999,122245.584 489785.0348,122327.0405 489732.678100001,122333.9197 489742.6,122366.198899999 489722.491599999,122355.747900002 489705.822799999,122323.468600001 489726.195799999,122201.230900001 489802.660500001,122199.2465 489805.703200001,122115.770300001 489858.884599999,122122.252599999 489869.203400001)),((122245.213500001 489967.396600001,122283.260699999 489943.6899,122278.074900001 489936.017,122250.452300001 489953.744100001,122213.9397 489896.435199998,122203.673900001 489903.2086,122245.213500001 489967.396600001)))",GG_012,,Vrijgave,1114GPR4762,2015/06/17,Kaartmateriaal,,Vrijgave tot 3 meter -mv (minus verdachte objecten),883.13351951300,5203.40133477000
"MULTIPOLYGON (((122206.011 489828.794399999,122206.117930516 489829.101683147,122206.176160279 489829.421786822,122206.184294219 489829.747041963,122206.142137462 489830.069656092,122206.050700001 489830.381900001,122207.7223 489829.4813,122207.677900001 489829.389699999,122207.390918247 489829.167412263,122207.07253307 489828.993052735,122206.730677593 489828.870965888,122206.37386974 489828.804193728,122206.011 489828.794399999)),((122239.379799999 489874.146200001,122239.509087297 489873.860792817,122239.588919916 489873.557808957,122239.617057764 489873.245750105,122239.592711299 489872.933372583,122239.516563677 489872.62944166,122239.390751591 489872.342485592,122239.218805308 489872.080556323,122239.005549616 489871.85100355,122238.756968437 489871.660268488,122238.480036922 489871.513703136,122238.182525729 489871.415420096,122237.872782977 489871.368177174,122237.559500001 489871.373300001,122237.391372335 489871.127606812,122237.183970491 489870.914026546,122236.94331701 489870.738761154,122236.676399998 489870.606899999,122234.8521 489871.809700001,122239.101799998 489878.1655,122239.37112953 489877.890657685,122239.591499999 489877.575199999,122239.887812629 489877.552254694,122240.175767296 489877.478703548,122240.446787377 489877.356737255,122240.69280064 489877.189988534,122240.906479671 489876.983423936,122241.081460118 489876.74319591,122241.212530255 489876.476459559,122241.295786204 489876.191159527,122241.328748219 489875.89579337,122241.310434539 489875.599158459,122241.241390629 489875.310089955,122241.123672936 489875.037197657,122240.96078764 489874.788609561,122240.757586217 489874.571729771,122240.520120947 489874.393017972,122240.255464646 489874.257797029,122239.971500003 489874.170094446,122239.6766848 489874.132522414,122239.379799999 489874.146200001)),((122214.4454 489893.450199999,122214.634201764 489893.497968646,122214.828228137 489893.514753047,122215.022428329 489893.500116281,122215.211747026 489893.454439364,122215.391255984 489893.378911333,122215.556282324 489893.275498292,122215.702530167 489893.146892235,122215.82619247 489892.996440965,122215.924050121 489892.828060949,122215.993555743 489892.646135365,122216.032900002 489892.455400001,122216.279847354 489892.476550875,122216.527001736 489892.457974933,122216.768013281 489892.400149424,122216.996689944 489892.304559998,122217.207156584 489892.173662528,122217.394005913 489892.01082002,122217.552437416 489891.820216208,122217.678380685 489891.606748067,122217.768599998 489891.3759,122218.059009317 489891.361540758,122218.342844365 489891.298442213,122218.611984808 489891.18840957,122218.858730718 489891.034590793,122219.076022859 489890.841386532,122219.257644646 489890.614324235,122219.398400001 489890.359900001,122219.702596492 489890.336212191,122219.998681087 489890.262520057,122220.278492126 489890.140854943,122220.534316539 489889.974570586,122220.75910245 489889.76825066,122220.946653571 489889.527582435,122221.091800001 489889.259199999,122221.310402578 489889.296977183,122221.532243161 489889.297955897,122221.751170553 489889.262109003,122221.961114329 489889.190430464,122222.156253168 489889.084907784,122222.331176256 489888.948466897,122222.481033323 489888.784891037,122222.601669131 489888.59871584,122222.689738689 489888.395103572,122222.742800001 489888.179699998,122222.979345906 489888.218037265,122223.218966474 489888.215650841,122223.45470192 489888.172610039,122223.679705306 489888.090164981,122223.887441405 489887.970710283,122224.071876517 489887.817715511,122224.227653724 489887.635624398,122224.350248473 489887.429725785,122224.436099999 489887.206,122224.714203391 489887.207549145,122224.988578485 489887.162137641,122225.251352727 489887.071068465,122225.494986423 489886.936954636,122225.712489072 489886.763644236,122225.897619943 489886.556110004,122226.045067137 489886.32030665,122226.150600001 489886.063,122226.427945587 489886.071650501,122226.702895844 489886.034263861,122226.967861851 489885.951871993,122227.215530262 489885.826749001,122227.439065162 489885.662348414,122227.63229675 489885.463207864,122227.789891624 489885.234823845,122227.907499999 489884.9835,122228.134911423 489885.006267679,122228.362915552 489884.990505693,122228.58503082 489884.936662116,122228.794943065 489884.84626758,122228.986685028 489884.721891768,122229.154805982 489884.567070362,122229.294526684 489884.386204532,122229.401875237 489884.184435825,122229.4738 489883.967500001,122229.74304014 489884.010508673,122230.015686871 489884.00856999,122230.284288182 489883.961736941,122230.54150263 489883.871289572,122230.780299999 489883.739700001,122204.570500001 489843.234700002,122186.717 489854.312899999,122187.0557 489854.9056,122186.924767227 489855.182741736,122186.843521783 489855.478292258,122186.814391681 489855.783419068,122186.838247471 489856.089003482,122186.914376225 489856.385913141,122187.040502842 489856.66527493,122187.212858042 489856.918740151,122187.426291007 489857.13873402,122187.674423315 489857.318682043,122187.949839555 489857.453206491,122188.244308943 489857.538287116,122188.54903129 489857.571381291,122188.854899999 489857.5515,122188.71673785 489857.821362871,122188.623968128 489858.109995038,122188.579026037 489858.409819915,122188.583091303 489858.712967111,122188.636057215 489859.011479022,122188.736533418 489859.29751972,122188.881882416 489859.563580648,122189.068288803 489859.802677716,122189.290859417 489860.008534633,122189.543751788 489860.175747662,122189.8203275 489860.299927469,122190.11332645 489860.377814336,122190.415057425 489860.407363737,122190.717599999 489860.387800001,122190.579298493 489860.90822274,122190.52915288 489861.444368757,122190.568549874 489861.981411597,122190.696400002 489862.504500002,122192.4109 489861.488499999,122192.302221477 489861.779962508,122192.241939527 489862.085130497,122192.231630373 489862.39602459,122192.271563573 489862.704515684,122192.360694975 489863.002537509,122192.496694014 489863.282297543,122192.676004659 489863.536480761,122192.893938383 489863.758440909,122193.144796767 489863.942374285,122193.422020491 489864.083471492,122193.718360851 489864.178043192,122194.026069289 489864.223616571,122194.337099999 489864.219,122194.224039979 489864.564337035,122194.170570837 489864.923758238,122194.178174166 489865.287055279,122194.246634329 489865.643924661,122194.374009721 489865.984245186,122194.55668784 489866.298364996,122194.789487736 489866.577375316,122195.065806955 489866.813363112,122195.377808784 489866.999635515,122195.716644518 489867.130909641,122196.072700001 489867.203499999,122195.980875383 489867.531304307,122195.943054782 489867.869619289,122195.960226048 489868.209608366,122196.031940678 489868.542391233,122196.156325531 489868.859275808,122196.33013175 489869.151985259,122196.548819625 489869.412874197,122196.806677164 489869.635128365,122197.096969285 489869.812942619,122197.412113739 489869.941672562,122197.743879147 489870.017955846,122198.0836 489870.039799999,122197.970665425 489870.340535374,122197.907956185 489870.655596536,122197.897129893 489870.97665537,122197.938472724 489871.295225228,122198.03089185 489871.60288525,122198.171944326 489871.891502961,122198.357901668 489872.153449236,122198.583848405 489872.381799966,122198.843812016 489872.570519083,122199.130920799 489872.714618115,122199.437585515 489872.810288045,122199.7557 489872.855,122199.669289328 489873.169618121,122199.634248877 489873.493999891,122199.651478668 489873.819813488,122199.72053615 489874.138690313,122199.839647566 489874.442439941,122200.00575351 489874.723260491,122200.214587513 489874.97393902,122200.460785624 489875.188036792,122200.738024186 489875.360054655,122201.039182263 489875.48557429,122201.356524537 489875.561371696,122201.681899998 489875.585499998,122201.579005137 489875.9478436,122201.539255017 489876.322410238,122201.563808593 489876.698279045,122201.65194998 489877.064491188,122201.801109329 489877.410369385,122202.006937747 489877.725829209,122202.263434101 489878.001673111,122202.563119982 489878.229858586,122202.897257747 489878.403732656,122203.256105273 489878.518225849,122203.6292 489878.57,122203.507926052 489878.849468758,122203.434658027 489879.145174615,122203.411423375 489879.448934896,122203.438865038 489879.752344046,122203.516223659 489880.047006228,122203.641358595 489880.324767645,122203.810807154 489880.577942176,122204.019880411 489880.799524059,122204.262792959 489880.983381752,122204.532823003 489881.124427605,122204.822498359 489881.218758645,122205.123803228 489881.263764573,122205.428399999 489881.258200001,122205.347974709 489881.591083913,122205.318329128 489881.932259916,122205.34013244 489882.27402671,122205.412892482 489882.608669658,122205.534966856 489882.928634926,122205.703600001 489883.2267,122205.568492186 489883.502483711,122205.48163447 489883.797045273,122205.445495686 489884.102012099,122205.461103041 489884.408715844,122205.528012911 489884.708438792,122205.644323459 489884.99266165,122205.806728684 489885.253305697,122206.010612398 489885.482962414,122206.250179432 489885.675104062,122206.518620357 489885.824269227,122206.808305036 489885.926218054,122207.110999502 489885.978052761,122207.418099999 489885.978300001,122207.598756498 489886.233032773,122207.818432332 489886.454996923,122208.071279368 489886.638283398,122208.350566401 489886.77801281,122208.648858349 489886.870465332,122208.95821419 489886.913179726,122209.27039836 489886.905018864,122209.577100001 489886.8462,122209.407268291 489887.037816102,122209.26950338 489887.25364096,122209.167197601 489887.488360085,122209.102870141 489887.736193734,122209.078105003 489887.991039232,122209.093512008 489888.246621243,122209.148711771 489888.496646294,122209.242345049 489888.734957749,122209.372106209 489888.955687406,122209.5348 489889.1534,122209.397980328 489889.397310896,122209.302627048 489889.660217534,122209.251276384 489889.935127079,122209.24529417 489890.214727439,122209.284839521 489890.491581757,122209.368860603 489890.758326215,122209.49512261 489891.007865898,122209.660267204 489891.233563509,122209.859901839 489891.429415904,122210.088716602 489891.590213767,122210.340625437 489891.71168017,122210.608928031 489891.790584328,122210.886488026 489891.824827537,122211.165922834 489891.813498988,122211.439800002 489891.756900001,122211.290294676 489892.006925876,122211.18471997 489892.278437868,122211.126051059 489892.563784569,122211.115941275 489892.854924694,122211.154675521 489893.1436537,122211.241162235 489893.421834987,122211.372964159 489893.681629201,122211.546367016 489893.915715146,122211.756484185 489894.117496107,122211.997394406 489894.281285745,122212.262308651 489894.402468348,122212.54376144 489894.477628899,122212.833821222 489894.504649317,122213.124313898 489894.482768148,122213.407053168 489894.412602019,122213.674071229 489894.296128264,122213.917843313 489894.136629199,122214.131499741 489893.938599627,122214.309019517 489893.70762017,122214.4454 489893.450199999)))",GG_013,,Vrijgave,RO-110102 v1,2014/09/02,Kaartmateriaal,,Vrijgave tot en met 13 meter - NAP,179.28927556800,1034.99771862000
"MULTIPOLYGON (((122259.7553 489906.9727,122283.6631 489943.855700001,122318.955899999 489921.723200001,122295.2095 489884.7476,122259.7553 489906.9727)))",GG_014,,Vrijgave,RO-110002 v3,2011/05/19,Kaartmateriaal,,Vrijgave tot 13 meter - NAP,171.40085535900,1834.77507900000
"MULTIPOLYGON (((122308.229400001 488787.132300001,122296.224 488757.3004,122283.6633 488762.272300001,122295.782400001 488791.104,122308.229400001 488787.132300001)))",GG_015,,Vrijgave,RO-160125 v1,2016/05/24,Kaartmateriaal,,Vrijgave (tot en met 500 lbs) tot 10 meter - waterbodem,90.00643772190,420.70039696500
"MULTIPOLYGON (((122343.318 488886.769499999,122334.617 488884.4527,122333.183800001 488889.245299999,122341.8847 488891.562100001,122343.318 488886.769499999)),((122170.776700001 489089.192400001,122164.069400001 489087.152199998,122161.521200001 489095.6994,122168.2531 489097.655699998,122170.776700001 489089.192400001)),((122170.776700001 489089.192400001,122164.819699999 489109.329799999,122175.373 489112.4991,122181.225299999 489092.294300001,122170.776700001 489089.192400001)),((122175.373 489112.4991,122183.044399999 489114.7685,122184.752 489109.016600002,122177.080600001 489106.747299999,122175.373 489112.4991)),((122220.255399998 489117.433400001,122187.219900001 489107.661,122186.650699999 489109.578299999,122219.7577 489119.3719,122220.255399998 489117.433400001)),((122273.8158 489127.791299999,122282.926100001 489093.257800002,122283.998 489089.403299998,122300.614399999 489029.6941,122309.743299998 489032.324,122310.730099998 489028.9659,122292.4723 489023.7062,122291.4855 489027.064300001,122294.837900002 489028.030099999,122278.248199999 489087.6851,122273.4639 489086.2555,122272.395 489090.110800002,122277.1743 489091.539,122267.931600001 489126.574299999,122266.960900001 489126.373500001,122266.7302 489127.4881,122268.774700001 489128.005100001,122267.665 489132.6461,122272.5999 489133.6668,122273.8158 489127.791299999)),((122297.767700002 489347.5317,122296.602400001 489345.274799999,122289.405200001 489348.991,122290.570500001 489351.247900002,122297.767700002 489347.5317)))",GG_016A,,Vrijgave,10M073-PvO-02,2010/12/08,Kaartmateriaal,,Vrijgave tot 4 meter -mv,518.86289192000,1205.67658339000
"MULTIPOLYGON (((122267.430399999 489133.627300002,122268.774700001 489128.005100001,122220.6646 489115.839699998,122219.271899998 489121.263700001,122267.430399999 489133.627300002)))",GG_016B,,Vrijgave,10M073-PvO-02,2010/12/08,Kaartmateriaal,,Vrijgave tot 15 meter -mv,110.72521702500,282.63452069200
